vocabulary;topic
a lot to learn;Animals & Nature
alligator;Animals & Nature
around;Animals & Nature
bat;Animals & Nature
bighorn sheep;Animals & Nature
bird;Animals & Nature
blossom;Animals & Nature
cactus;Animals & Nature
cattle (pl only);Animals & Nature
chicken;Animals & Nature
clever;Animals & Nature
cow;Animals & Nature
coyote;Animals & Nature
Dogs love squirrels.;Animals & Nature
eagle;Animals & Nature
feather;Animals & Nature
field;Animals & Nature
guide dog;Animals & Nature
guinea pig;Animals & Nature
Here's your ball.;Animals & Nature
hiking;Animals & Nature
hill;Animals & Nature
horse;Animals & Nature
hunter;Animals & Nature
I'm a mouse.;Animals & Nature
I'm not scared of dogs.;Animals & Nature
insect;Animals & Nature
lamb;Animals & Nature
luck;Animals & Nature
moon;Animals & Nature
mountain range;Animals & Nature
mouse, mice (pl);Animals & Nature
My name is Luke.;Animals & Nature
neighbour (BE);Animals & Nature
noise;Animals & Nature
organisation;Animals & Nature
outdoors;Animals & Nature
palm tree;Animals & Nature
panther;Animals & Nature
polar bear;Animals & Nature
Rabbits are nice.;Animals & Nature
river;Animals & Nature
sheep, sheep (pl);Animals & Nature
space;Animals & Nature
surfing;Animals & Nature
surgery;Animals & Nature
Thank you.;Animals & Nature
That was close!;Animals & Nature
the great outdoors;Animals & Nature
They're my friends.;Animals & Nature
to be scared (of);Animals & Nature
to fly;Animals & Nature
to need (to do);Animals & Nature
to notice;Animals & Nature
tourist information centre;Animals & Nature
wave;Animals & Nature
What's your name?;Animals & Nature
word;Animals & Nature
award;Celebrations & Traditions
bonfire;Celebrations & Traditions
candle;Celebrations & Traditions
Christian;Celebrations & Traditions
Christmas;Celebrations & Traditions
clearly;Celebrations & Traditions
contest;Celebrations & Traditions
date;Celebrations & Traditions
decorations (pl);Celebrations & Traditions
Easter;Celebrations & Traditions
event;Celebrations & Traditions
fancy dress;Celebrations & Traditions
February;Celebrations & Traditions
fireworks (pl);Celebrations & Traditions
ghost;Celebrations & Traditions
Happy Birthday!;Celebrations & Traditions
historical;Celebrations & Traditions
horrible;Celebrations & Traditions
jack-o’-lantern;Celebrations & Traditions
January;Celebrations & Traditions
national;Celebrations & Traditions
New Year's Eve;Celebrations & Traditions
present;Celebrations & Traditions
prize;Celebrations & Traditions
religious;Celebrations & Traditions
royal;Celebrations & Traditions
souling;Celebrations & Traditions
ticket;Celebrations & Traditions
to blow out;Celebrations & Traditions
to celebrate;Celebrations & Traditions
to decorate;Celebrations & Traditions
to make a wish;Celebrations & Traditions
tradition;Celebrations & Traditions
trick-or-treating;Celebrations & Traditions
wedding;Celebrations & Traditions
boot;Clothing & Accessories
jacket;Clothing & Accessories
pants (pl) (AE);Clothing & Accessories
sleeve;Clothing & Accessories
sock;Clothing & Accessories
court;Crime and Adventure
crime;Crime and Adventure
crime story;Crime and Adventure
criminal;Crime and Adventure
detective;Crime and Adventure
eyewitness;Crime and Adventure
hunting;Crime and Adventure
illegal;Crime and Adventure
mysterious;Crime and Adventure
outlaw;Crime and Adventure
point;Crime and Adventure
police;Crime and Adventure
prisoner;Crime and Adventure
private detective;Crime and Adventure
robber;Crime and Adventure
runaway;Crime and Adventure
soon;Crime and Adventure
to belong (to);Crime and Adventure
to die;Crime and Adventure
to hide;Crime and Adventure
to kill;Crime and Adventure
to solve;Crime and Adventure
to steal;Crime and Adventure
trial;Crime and Adventure
villain;Crime and Adventure
witness;Crime and Adventure
aboard;Family & Friends
adult;Family & Friends
agony aunt;Family & Friends
all of us;Family & Friends
aunt;Family & Friends
back;Family & Friends
backpacking;Family & Friends
British;Family & Friends
brother;Family & Friends
close;Family & Friends
coach;Family & Friends
cousin;Family & Friends
dad;Family & Friends
daughter;Family & Friends
disappointed;Family & Friends
escalator;Family & Friends
family tree;Family & Friends
father;Family & Friends
few;Family & Friends
grandad;Family & Friends
grandma;Family & Friends
grandpa (AE);Family & Friends
grandparents (pl);Family & Friends
guy;Family & Friends
hero;Family & Friends
heroine;Family & Friends
How are you?;Family & Friends
How old are you?;Family & Friends
husband;Family & Friends
if;Family & Friends
information (no pl);Family & Friends
king;Family & Friends
last;Family & Friends
leader;Family & Friends
log cabin;Family & Friends
magic;Family & Friends
mother;Family & Friends
mum;Family & Friends
must;Family & Friends
nickname;Family & Friends
official language;Family & Friends
only child;Family & Friends
queen;Family & Friends
related;Family & Friends
relationship;Family & Friends
retired;Family & Friends
sailor;Family & Friends
salad;Family & Friends
school;Family & Friends
sister;Family & Friends
sleepover;Family & Friends
soldier;Family & Friends
son;Family & Friends
tea;Family & Friends
They don't eat mice.;Family & Friends
thing;Family & Friends
to be born;Family & Friends
to happen;Family & Friends
to jump the queue;Family & Friends
to look after;Family & Friends
to stand;Family & Friends
to take;Family & Friends
twin;Family & Friends
uncle;Family & Friends
wife;Family & Friends
yourselves;Family & Friends
youth;Family & Friends
ability;Feelings & Characteristics
acting a scene;Feelings & Characteristics
all around;Feelings & Characteristics
alone;Feelings & Characteristics
amazing;Feelings & Characteristics
American;Feelings & Characteristics
angry;Feelings & Characteristics
at home;Feelings & Characteristics
attention;Feelings & Characteristics
attractive;Feelings & Characteristics
awesome;Feelings & Characteristics
awful;Feelings & Characteristics
bacon;Feelings & Characteristics
bad luck;Feelings & Characteristics
beautiful;Feelings & Characteristics
best;Feelings & Characteristics
better;Feelings & Characteristics
black;Feelings & Characteristics
bored;Feelings & Characteristics
boring;Feelings & Characteristics
brave;Feelings & Characteristics
busy;Feelings & Characteristics
calm;Feelings & Characteristics
cereal (no pl);Feelings & Characteristics
compromise;Feelings & Characteristics
Cooking Club;Feelings & Characteristics
cool;Feelings & Characteristics
cougar;Feelings & Characteristics
crazy;Feelings & Characteristics
creative;Feelings & Characteristics
cruel;Feelings & Characteristics
cute;Feelings & Characteristics
dead;Feelings & Characteristics
Don't worry!;Feelings & Characteristics
dramatic;Feelings & Characteristics
easy;Feelings & Characteristics
embarrassed;Feelings & Characteristics
embarrassing;Feelings & Characteristics
exaggerated;Feelings & Characteristics
excited;Feelings & Characteristics
excitedly;Feelings & Characteristics
fair;Feelings & Characteristics
fast;Feelings & Characteristics
fear;Feelings & Characteristics
feeling;Feelings & Characteristics
fight;Feelings & Characteristics
finished;Feelings & Characteristics
flower;Feelings & Characteristics
fun;Feelings & Characteristics
funny;Feelings & Characteristics
genius;Feelings & Characteristics
good;Feelings & Characteristics
granny;Feelings & Characteristics
great;Feelings & Characteristics
happy;Feelings & Characteristics
hard;Feelings & Characteristics
helpful;Feelings & Characteristics
helpless;Feelings & Characteristics
himself;Feelings & Characteristics
hope;Feelings & Characteristics
hopeful;Feelings & Characteristics
horrified;Feelings & Characteristics
hungry;Feelings & Characteristics
I couldn't believe my eyes.;Feelings & Characteristics
I see.;Feelings & Characteristics
idiot;Feelings & Characteristics
I'm English.;Feelings & Characteristics
I'm scared of cats.;Feelings & Characteristics
impressed;Feelings & Characteristics
intellectual;Feelings & Characteristics
Let's …;Feelings & Characteristics
likes and dislikes;Feelings & Characteristics
little;Feelings & Characteristics
lonely;Feelings & Characteristics
lost;Feelings & Characteristics
Love …;Feelings & Characteristics
lucky charm;Feelings & Characteristics
mate;Feelings & Characteristics
missing;Feelings & Characteristics
modern;Feelings & Characteristics
moment;Feelings & Characteristics
mountain;Feelings & Characteristics
nasty;Feelings & Characteristics
negative;Feelings & Characteristics
nervous;Feelings & Characteristics
nervously;Feelings & Characteristics
new;Feelings & Characteristics
news (sg);Feelings & Characteristics
nice;Feelings & Characteristics
normal;Feelings & Characteristics
Oh dear!;Feelings & Characteristics
OK;Feelings & Characteristics
page;Feelings & Characteristics
peace;Feelings & Characteristics
perfect;Feelings & Characteristics
perfectly;Feelings & Characteristics
popular;Feelings & Characteristics
porcupine;Feelings & Characteristics
powerful;Feelings & Characteristics
pretty;Feelings & Characteristics
proud (of);Feelings & Characteristics
quiet;Feelings & Characteristics
realistic;Feelings & Characteristics
rubbish;Feelings & Characteristics
rude;Feelings & Characteristics
safe;Feelings & Characteristics
scary;Feelings & Characteristics
See you!;Feelings & Characteristics
self-critical;Feelings & Characteristics
serious;Feelings & Characteristics
show-off;Feelings & Characteristics
silly;Feelings & Characteristics
small;Feelings & Characteristics
strong;Feelings & Characteristics
stupid;Feelings & Characteristics
success;Feelings & Characteristics
sure;Feelings & Characteristics
talk;Feelings & Characteristics
tall;Feelings & Characteristics
tear;Feelings & Characteristics
terrible;Feelings & Characteristics
thankful;Feelings & Characteristics
tidy;Feelings & Characteristics
tired;Feelings & Characteristics
to be afraid (of);Feelings & Characteristics
to be connected (to/with);Feelings & Characteristics
to be jealous (of);Feelings & Characteristics
to be unlucky;Feelings & Characteristics
to calm down;Feelings & Characteristics
to care (about);Feelings & Characteristics
to come down;Feelings & Characteristics
to count (on);Feelings & Characteristics
to cry;Feelings & Characteristics
to describe;Feelings & Characteristics
to earn;Feelings & Characteristics
to enter;Feelings & Characteristics
to feel left out;Feelings & Characteristics
to forgive;Feelings & Characteristics
to get;Feelings & Characteristics
to go crazy;Feelings & Characteristics
to go shopping;Feelings & Characteristics
to go wrong;Feelings & Characteristics
to hate;Feelings & Characteristics
to hug;Feelings & Characteristics
to invent;Feelings & Characteristics
to laugh;Feelings & Characteristics
to leave;Feelings & Characteristics
to make;Feelings & Characteristics
to make friends;Feelings & Characteristics
to miss;Feelings & Characteristics
to overreact;Feelings & Characteristics
to ring;Feelings & Characteristics
to run away;Feelings & Characteristics
to sail;Feelings & Characteristics
to scoop;Feelings & Characteristics
to share;Feelings & Characteristics
to smile;Feelings & Characteristics
to surprise;Feelings & Characteristics
to tease sb;Feelings & Characteristics
to think;Feelings & Characteristics
to travel;Feelings & Characteristics
to walk the dog;Feelings & Characteristics
to want somebody to do something;Feelings & Characteristics
to whisper;Feelings & Characteristics
to worry;Feelings & Characteristics
tomato, tomatoes (pl);Feelings & Characteristics
unattended;Feelings & Characteristics
up;Feelings & Characteristics
upset;Feelings & Characteristics
very much;Feelings & Characteristics
We did it!;Feelings & Characteristics
weather;Feelings & Characteristics
weird;Feelings & Characteristics
well;Feelings & Characteristics
What a shame!;Feelings & Characteristics
What about …?;Feelings & Characteristics
What time?;Feelings & Characteristics
wide;Feelings & Characteristics
wine;Feelings & Characteristics
Worms are OK.;Feelings & Characteristics
worried;Feelings & Characteristics
wrong;Feelings & Characteristics
apple;Food & Drinks
as;Food & Drinks
at 7:30;Food & Drinks
at the moment;Food & Drinks
baked beans (pl);Food & Drinks
banana;Food & Drinks
barbecue;Food & Drinks
barrel;Food & Drinks
biscuit;Food & Drinks
bottle;Food & Drinks
bowl;Food & Drinks
butter;Food & Drinks
cake;Food & Drinks
can;Food & Drinks
candy (AE);Food & Drinks
carrot;Food & Drinks
chicken tikka masala;Food & Drinks
chili;Food & Drinks
chips (pl) (BE);Food & Drinks
chocolate;Food & Drinks
class;Food & Drinks
coke;Food & Drinks
cookie (AE);Food & Drinks
corn;Food & Drinks
cream;Food & Drinks
crisp (BE);Food & Drinks
culture;Food & Drinks
custard;Food & Drinks
egg;Food & Drinks
fish, fish (pl);Food & Drinks
foam;Food & Drinks
food;Food & Drinks
fresh;Food & Drinks
fries (pl) (AE);Food & Drinks
fruit;Food & Drinks
ham;Food & Drinks
healthy;Food & Drinks
hot;Food & Drinks
ice cream;Food & Drinks
Indian;Food & Drinks
ingredient;Food & Drinks
jam;Food & Drinks
jelly;Food & Drinks
juice;Food & Drinks
kind;Food & Drinks
land;Food & Drinks
lunch;Food & Drinks
milk;Food & Drinks
Monday;Food & Drinks
nut;Food & Drinks
orange;Food & Drinks
packet;Food & Drinks
pancake;Food & Drinks
part;Food & Drinks
pie;Food & Drinks
plum;Food & Drinks
pudding;Food & Drinks
pumpkin;Food & Drinks
raffle;Food & Drinks
snack bar;Food & Drinks
sponge;Food & Drinks
strange;Food & Drinks
strawberry, strawberries (pl);Food & Drinks
supermarket;Food & Drinks
sweet;Food & Drinks
sweets (pl);Food & Drinks
taste;Food & Drinks
Time to get up!;Food & Drinks
timetable;Food & Drinks
tinned;Food & Drinks
to exist;Food & Drinks
to fall over;Food & Drinks
to go together;Food & Drinks
to hit;Food & Drinks
to leave it to cool;Food & Drinks
to melt;Food & Drinks
to pour;Food & Drinks
to prepare;Food & Drinks
to save;Food & Drinks
to slice;Food & Drinks
to wake up;Food & Drinks
to whip;Food & Drinks
treat;Food & Drinks
trifle;Food & Drinks
T-shirt;Food & Drinks
wheat;Food & Drinks
world;Food & Drinks
yoghurt;Food & Drinks
young;Food & Drinks
You're welcome.;Food & Drinks
yummy;Food & Drinks
a bit;General Words & Grammar
a couple of;General Words & Grammar
across;General Words & Grammar
actually;General Words & Grammar
advice;General Words & Grammar
after;General Words & Grammar
after all;General Words & Grammar
after that;General Words & Grammar
afternoon;General Words & Grammar
again;General Words & Grammar
against;General Words & Grammar
all;General Words & Grammar
all over;General Words & Grammar
almost;General Words & Grammar
along;General Words & Grammar
already;General Words & Grammar
also;General Words & Grammar
alternative;General Words & Grammar
always;General Words & Grammar
an;General Words & Grammar
animal;General Words & Grammar
announcement;General Words & Grammar
another;General Words & Grammar
anybody;General Words & Grammar
anyone;General Words & Grammar
anything;General Words & Grammar
Anything else?;General Words & Grammar
anyway;General Words & Grammar
at all;General Words & Grammar
at first;General Words & Grammar
at last;General Words & Grammar
at least;General Words & Grammar
at the same time;General Words & Grammar
at the weekend;General Words & Grammar
audience;General Words & Grammar
axe;General Words & Grammar
background;General Words & Grammar
backwards;General Words & Grammar
bad;General Words & Grammar
bargain;General Words & Grammar
basic;General Words & Grammar
Be careful!;General Words & Grammar
Be polite.;General Words & Grammar
beach;General Words & Grammar
because of;General Words & Grammar
bee;General Words & Grammar
before;General Words & Grammar
behind;General Words & Grammar
bench;General Words & Grammar
besides;General Words & Grammar
birthday;General Words & Grammar
bottom;General Words & Grammar
box;General Words & Grammar
brilliant;General Words & Grammar
broken;General Words & Grammar
bus station;General Words & Grammar
by;General Words & Grammar
Bye!;General Words & Grammar
cabin;General Words & Grammar
cabin boy;General Words & Grammar
caller;General Words & Grammar
Can you name four sports?;General Words & Grammar
cannot;General Words & Grammar
can't;General Words & Grammar
captain;General Words & Grammar
carefully;General Words & Grammar
castle;General Words & Grammar
change;General Words & Grammar
cheese;General Words & Grammar
Clap your hands.;General Words & Grammar
clear;General Words & Grammar
clock;General Words & Grammar
coffee;General Words & Grammar
coin;General Words & Grammar
common;General Words & Grammar
company;General Words & Grammar
completely;General Words & Grammar
confident;General Words & Grammar
costume;General Words & Grammar
crowd;General Words & Grammar
diary entry;General Words & Grammar
dictionary;General Words & Grammar
different;General Words & Grammar
directly;General Words & Grammar
dirty;General Words & Grammar
down;General Words & Grammar
drawing;General Words & Grammar
drink;General Words & Grammar
during (+ noun);General Words & Grammar
e. g. (= for example);General Words & Grammar
each other;General Words & Grammar
early;General Words & Grammar
electronic;General Words & Grammar
else;General Words & Grammar
end;General Words & Grammar
ending;General Words & Grammar
English-speaking;General Words & Grammar
enough;General Words & Grammar
etc. (= et cetera);General Words & Grammar
even;General Words & Grammar
ever;General Words & Grammar
everybody;General Words & Grammar
everyone;General Words & Grammar
eye;General Words & Grammar
fact;General Words & Grammar
famous;General Words & Grammar
far;General Words & Grammar
for example;General Words & Grammar
forest;General Words & Grammar
Four and six is ten.;General Words & Grammar
free;General Words & Grammar
fries (pl) (AE);General Words & Grammar
from … to;General Words & Grammar
garage;General Words & Grammar
German;General Words & Grammar
government;General Words & Grammar
guitar;General Words & Grammar
half;General Words & Grammar
half-sister;General Words & Grammar
hat;General Words & Grammar
heavy;General Words & Grammar
Here you are.;General Words & Grammar
he's;General Words & Grammar
He's right.;General Words & Grammar
him;General Words & Grammar
hole;General Words & Grammar
home;General Words & Grammar
How many …?;General Words & Grammar
How much (is/are) …?;General Words & Grammar
huge;General Words & Grammar
I don't like …;General Words & Grammar
I hear ...;General Words & Grammar
I like …;General Words & Grammar
I love …;General Words & Grammar
I'd like to … (= I would like to);General Words & Grammar
idea;General Words & Grammar
I'll get her/him.;General Words & Grammar
I'm dog-tired.;General Words & Grammar
I'm here with my parents.;General Words & Grammar
in front of;General Words & Grammar
in secret;General Words & Grammar
in the end;General Words & Grammar
in the evenings;General Words & Grammar
in the middle (of);General Words & Grammar
in the mornings;General Words & Grammar
inclusion;General Words & Grammar
inclusive;General Words & Grammar
individual;General Words & Grammar
Inline skating is great.;General Words & Grammar
instead;General Words & Grammar
instead of;General Words & Grammar
international;General Words & Grammar
into;General Words & Grammar
island;General Words & Grammar
isn't (= is not);General Words & Grammar
its;General Words & Grammar
It's fun.;General Words & Grammar
It's great for …;General Words & Grammar
It's your turn.;General Words & Grammar
judge;General Words & Grammar
just;General Words & Grammar
key;General Words & Grammar
lantern;General Words & Grammar
latest;General Words & Grammar
left;General Words & Grammar
lemonade;General Words & Grammar
Let's go!;General Words & Grammar
life;General Words & Grammar
lifeboat;General Words & Grammar
light;General Words & Grammar
like that;General Words & Grammar
line;General Words & Grammar
long;General Words & Grammar
Look!;General Words & Grammar
lots (of);General Words & Grammar
loud;General Words & Grammar
mad;General Words & Grammar
magical;General Words & Grammar
man, men (pl);General Words & Grammar
map;General Words & Grammar
market;General Words & Grammar
maybe;General Words & Grammar
meal;General Words & Grammar
message;General Words & Grammar
might;General Words & Grammar
mine;General Words & Grammar
mistake;General Words & Grammar
more;General Words & Grammar
more … than;General Words & Grammar
morning;General Words & Grammar
most famous;General Words & Grammar
most interesting;General Words & Grammar
mountain;General Words & Grammar
mountain biking;General Words & Grammar
mountainboarding;General Words & Grammar
much;General Words & Grammar
mustn't;General Words & Grammar
My dog is crazy.;General Words & Grammar
near;General Words & Grammar
necessary;General Words & Grammar
need;General Words & Grammar
needn’t;General Words & Grammar
never;General Words & Grammar
next to;General Words & Grammar
no;General Words & Grammar
no one;General Words & Grammar
nobody;General Words & Grammar
not … any;General Words & Grammar
not … anything;General Words & Grammar
not … either;General Words & Grammar
not … until;General Words & Grammar
not … yet;General Words & Grammar
nothing;General Words & Grammar
number;General Words & Grammar
of;General Words & Grammar
official;General Words & Grammar
often;General Words & Grammar
on Mondays;General Words & Grammar
on the left;General Words & Grammar
on the right;General Words & Grammar
on time;General Words & Grammar
on top;General Words & Grammar
one;General Words & Grammar
only;General Words & Grammar
opposite;General Words & Grammar
or;General Words & Grammar
out;General Words & Grammar
out of;General Words & Grammar
over;General Words & Grammar
over there;General Words & Grammar
own;General Words & Grammar
partially sighted;General Words & Grammar
pet;General Words & Grammar
phone call;General Words & Grammar
piece;General Words & Grammar
pig;General Words & Grammar
plan;General Words & Grammar
point of view;General Words & Grammar
poor;General Words & Grammar
positive;General Words & Grammar
possibility;General Words & Grammar
practical;General Words & Grammar
prediction;General Words & Grammar
probably;General Words & Grammar
problem;General Words & Grammar
pros and cons;General Words & Grammar
puzzle;General Words & Grammar
quality;General Words & Grammar
quick;General Words & Grammar
reaction;General Words & Grammar
ready;General Words & Grammar
real;General Words & Grammar
really;General Words & Grammar
reason;General Words & Grammar
rescue;General Words & Grammar
rigging;General Words & Grammar
right;General Words & Grammar
right away;General Words & Grammar
right here;General Words & Grammar
rock;General Words & Grammar
role;General Words & Grammar
sad;General Words & Grammar
scene;General Words & Grammar
sea;General Words & Grammar
season;General Words & Grammar
second;General Words & Grammar
sentence;General Words & Grammar
set;General Words & Grammar
she's;General Words & Grammar
shhh;General Words & Grammar
shocked;General Words & Grammar
shoe;General Words & Grammar
should;General Words & Grammar
side;General Words & Grammar
sign;General Words & Grammar
Sit!;General Words & Grammar
situation;General Words & Grammar
slow;General Words & Grammar
slowly;General Words & Grammar
smile;General Words & Grammar
so;General Words & Grammar
so (that);General Words & Grammar
some;General Words & Grammar
somebody;General Words & Grammar
someone;General Words & Grammar
something;General Words & Grammar
south;General Words & Grammar
statement;General Words & Grammar
step;General Words & Grammar
still;General Words & Grammar
stop;General Words & Grammar
Stop it!;General Words & Grammar
storm;General Words & Grammar
straight;General Words & Grammar
stuff;General Words & Grammar
style;General Words & Grammar
suddenly;General Words & Grammar
system;General Words & Grammar
tail;General Words & Grammar
telephone;General Words & Grammar
text (message);General Words & Grammar
than;General Words & Grammar
that;General Words & Grammar
That's …;General Words & Grammar
the … the … + comparative form;General Words & Grammar
the poor;General Words & Grammar
the rich;General Words & Grammar
them;General Words & Grammar
there;General Words & Grammar
there is/are;General Words & Grammar
these;General Words & Grammar
This is how you (do) …;General Words & Grammar
This is Pia.;General Words & Grammar
those;General Words & Grammar
till;General Words & Grammar
to;General Words & Grammar
to add;General Words & Grammar
to answer;General Words & Grammar
to answer the phone;General Words & Grammar
to ask;General Words & Grammar
to ask for;General Words & Grammar
to be;General Words & Grammar
to be about;General Words & Grammar
to be gone;General Words & Grammar
to be good at;General Words & Grammar
to be in;General Words & Grammar
to be late;General Words & Grammar
to be made up of;General Words & Grammar
to be named after;General Words & Grammar
to be sorry;General Words & Grammar
to be surprised;General Words & Grammar
to be worth;General Words & Grammar
to become;General Words & Grammar
to begin;General Words & Grammar
to break;General Words & Grammar
to bring;General Words & Grammar
to call;General Words & Grammar
to catch;General Words & Grammar
to cause;General Words & Grammar
to chase;General Words & Grammar
to chat;General Words & Grammar
to climb;General Words & Grammar
to come;General Words & Grammar
to communicate;General Words & Grammar
to dig;General Words & Grammar
to do;General Words & Grammar
to drink;General Words & Grammar
to end;General Words & Grammar
to end up;General Words & Grammar
to fall;General Words & Grammar
to fall off;General Words & Grammar
to feel;General Words & Grammar
to find;General Words & Grammar
to find out;General Words & Grammar
to forget;General Words & Grammar
to get;General Words & Grammar
to get fit;General Words & Grammar
to get into;General Words & Grammar
to get there;General Words & Grammar
to get to;General Words & Grammar
to give;General Words & Grammar
to give the bumps;General Words & Grammar
to grow;General Words & Grammar
to have (a sweet);General Words & Grammar
to have breakfast;General Words & Grammar
to have fun;General Words & Grammar
to have got;General Words & Grammar
to have to;General Words & Grammar
to help;General Words & Grammar
to hope;General Words & Grammar
to hurry;General Words & Grammar
to improve;General Words & Grammar
to jump;General Words & Grammar
to keep away from;General Words & Grammar
to kick;General Words & Grammar
to know;General Words & Grammar
to land;General Words & Grammar
to leave a message;General Words & Grammar
to let;General Words & Grammar
to look;General Words & Grammar
to look at;General Words & Grammar
to lose;General Words & Grammar
to make money;General Words & Grammar
to make trouble;General Words & Grammar
to mean;General Words & Grammar
to move;General Words & Grammar
to need;General Words & Grammar
to open;General Words & Grammar
to pass;General Words & Grammar
to point;General Words & Grammar
to produce;General Words & Grammar
to pull;General Words & Grammar
to push;General Words & Grammar
to put;General Words & Grammar
to put through;General Words & Grammar
to receive;General Words & Grammar
to record;General Words & Grammar
to remember;General Words & Grammar
to ruin;General Words & Grammar
to save;General Words & Grammar
to send;General Words & Grammar
to set up;General Words & Grammar
to shout;General Words & Grammar
to show;General Words & Grammar
to sit;General Words & Grammar
to sleep;General Words & Grammar
to snore;General Words & Grammar
to speak;General Words & Grammar
to stare;General Words & Grammar
to stop;General Words & Grammar
to swim;General Words & Grammar
to take a message;General Words & Grammar
to take out;General Words & Grammar
to talk;General Words & Grammar
to talk about;General Words & Grammar
to tell;General Words & Grammar
to think;General Words & Grammar
to throw (at);General Words & Grammar
to throw away;General Words & Grammar
to turn (a)round;General Words & Grammar
to use;General Words & Grammar
to visit;General Words & Grammar
to walk;General Words & Grammar
to want (to);General Words & Grammar
to warm up;General Words & Grammar
to wash;General Words & Grammar
to wear;General Words & Grammar
to work;General Words & Grammar
to zipline;General Words & Grammar
together;General Words & Grammar
tomorrow;General Words & Grammar
Too bad!;General Words & Grammar
towards;General Words & Grammar
toy;General Words & Grammar
true;General Words & Grammar
TV (= television);General Words & Grammar
typical;General Words & Grammar
under;General Words & Grammar
understanding;General Words & Grammar
until;General Words & Grammar
up to;General Words & Grammar
usually;General Words & Grammar
very;General Words & Grammar
Wait and see!;General Words & Grammar
watch;General Words & Grammar
water slide;General Words & Grammar
well;General Words & Grammar
west;General Words & Grammar
what a;General Words & Grammar
what else;General Words & Grammar
what it's like;General Words & Grammar
when;General Words & Grammar
who;General Words & Grammar
Who … for?;General Words & Grammar
whole;General Words & Grammar
whose;General Words & Grammar
wild;General Words & Grammar
window;General Words & Grammar
without;General Words & Grammar
woman, women (pl);General Words & Grammar
work;General Words & Grammar
year;General Words & Grammar
yet;General Words & Grammar
You too?;General Words & Grammar
a girl from Germany;Greetings & Introductions
Are you on holiday?;Greetings & Introductions
Best wishes;Greetings & Introductions
candy (AE);Greetings & Introductions
Come on!;Greetings & Introductions
cookie (AE);Greetings & Introductions
Dear …;Greetings & Introductions
Dear Sir or Madam;Greetings & Introductions
Excuse me …;Greetings & Introductions
Good morning.;Greetings & Introductions
I'm fine.;Greetings & Introductions
I'm from Greenwich.;Greetings & Introductions
I'm Pia.;Greetings & Introductions
I'm sorry!;Greetings & Introductions
introduction;Greetings & Introductions
invitation;Greetings & Introductions
March;Greetings & Introductions
Me too.;Greetings & Introductions
Mr;Greetings & Introductions
Mrs;Greetings & Introductions
Nice to meet you.;Greetings & Introductions
of course;Greetings & Introductions
reply;Greetings & Introductions
Sorry!;Greetings & Introductions
Tell me about …;Greetings & Introductions
Thanks.;Greetings & Introductions
to close;Greetings & Introductions
to introduce;Greetings & Introductions
to invite;Greetings & Introductions
to meet;Greetings & Introductions
to reply (to);Greetings & Introductions
to say hello (to);Greetings & Introductions
to spell;Greetings & Introductions
to take place;Greetings & Introductions
to welcome;Greetings & Introductions
way;Greetings & Introductions
We're from Greenwich.;Greetings & Introductions
Where are you from?;Greetings & Introductions
Who's in?;Greetings & Introductions
would love;Greetings & Introductions
yard (AE);Greetings & Introductions
You're a nice dog.;Greetings & Introductions
accident;Health & Body
backache;Health & Body
camel racing;Health & Body
cold;Health & Body
cough;Health & Body
cramp;Health & Body
deaf;Health & Body
disability;Health & Body
doctor;Health & Body
face;Health & Body
fever;Health & Body
finger;Health & Body
foot, feet (pl);Health & Body
glasses (pl);Health & Body
hair;Health & Body
hand;Health & Body
headache (no pl);Health & Body
health;Health & Body
hearing;Health & Body
heart;Health & Body
How to …;Health & Body
injury;Health & Body
mouth;Health & Body
nap;Health & Body
nose;Health & Body
ointment;Health & Body
pain;Health & Body
physical;Health & Body
pier;Health & Body
pill;Health & Body
prescription;Health & Body
protection;Health & Body
quickly;Health & Body
rhythm;Health & Body
roommate;Health & Body
secret;Health & Body
sense;Health & Body
shoulder;Health & Body
similar;Health & Body
soul;Health & Body
sound;Health & Body
stomach;Health & Body
stomachache;Health & Body
sunscreen;Health & Body
to breathe;Health & Body
to concentrate;Health & Body
to do our hair;Health & Body
to fall asleep;Health & Body
to feel sick;Health & Body
to get hurt;Health & Body
to get well;Health & Body
to go to bed;Health & Body
to hurt;Health & Body
to make;Health & Body
to survive;Health & Body
to trip (over);Health & Body
to twist your ankle;Health & Body
voice;Health & Body
What’s the time?;Health & Body
WhatÂ’s the matter?;Health & Body
wheelchair;Health & Body
why;Health & Body
AD (= Anno Domini);History
African-American;History
army;History
article;History
battle;History
BC (= before Christ);History
Bronze Age;History
campfire;History
Celt;History
Celtic;History
century;History
civil war;History
competition;History
Cornish;History
Cuban;History
Cuban-American;History
devil;History
drama;History
emperor;History
empire;History
European;History
Gaelic;History
god;History
heaven;History
hell;History
history;History
immigrant;History
invented;History
Irish;History
knight;History
legend;History
living history show;History
media;History
medieval;History
movie;History
origin;History
prehistoric;History
presenter;History
programme;History
radio;History
reporter;History
Roman;History
Scottish;History
settler;History
shield;History
slave;History
slavery;History
society;History
spear;History
the Round Table;History
to colonize (AE);History
to found;History
to rule;History
tribe;History
warrior;History
Welsh;History
wizard;History
adventure;Hobbies & Free Time
answering machine;Hobbies & Free Time
anyone else;Hobbies & Free Time
Art;Hobbies & Free Time
bicycle motocross;Hobbies & Free Time
book;Hobbies & Free Time
bread;Hobbies & Free Time
by (bike);Hobbies & Free Time
cajón;Hobbies & Free Time
camp;Hobbies & Free Time
camping;Hobbies & Free Time
canoeing;Hobbies & Free Time
capital;Hobbies & Free Time
challenge;Hobbies & Free Time
chant;Hobbies & Free Time
climbing;Hobbies & Free Time
club;Hobbies & Free Time
concert;Hobbies & Free Time
corner;Hobbies & Free Time
could;Hobbies & Free Time
dangerous;Hobbies & Free Time
dialogue;Hobbies & Free Time
drum;Hobbies & Free Time
DVD;Hobbies & Free Time
Europe;Hobbies & Free Time
fantasy;Hobbies & Free Time
finish line;Hobbies & Free Time
fishing;Hobbies & Free Time
foreign language;Hobbies & Free Time
free time;Hobbies & Free Time
game;Hobbies & Free Time
geocaching;Hobbies & Free Time
Hello.;Hobbies & Free Time
help;Hobbies & Free Time
hiker;Hobbies & Free Time
I don't like cycling.;Hobbies & Free Time
I like singing and dancing.;Hobbies & Free Time
I like the boating lake.;Hobbies & Free Time
I love you.;Hobbies & Free Time
ice rink;Hobbies & Free Time
instrument;Hobbies & Free Time
interest;Hobbies & Free Time
joke;Hobbies & Free Time
leisure centre;Hobbies & Free Time
lifebuoy;Hobbies & Free Time
look;Hobbies & Free Time
lucky;Hobbies & Free Time
magazine;Hobbies & Free Time
marathon;Hobbies & Free Time
museum;Hobbies & Free Time
music;Hobbies & Free Time
musician;Hobbies & Free Time
My favourite sport is football.;Hobbies & Free Time
net;Hobbies & Free Time
other;Hobbies & Free Time
people (pl);Hobbies & Free Time
pitch;Hobbies & Free Time
player;Hobbies & Free Time
pony trekking;Hobbies & Free Time
race;Hobbies & Free Time
racquet;Hobbies & Free Time
rat;Hobbies & Free Time
reading;Hobbies & Free Time
recording;Hobbies & Free Time
ride;Hobbies & Free Time
riding;Hobbies & Free Time
roller coaster;Hobbies & Free Time
run;Hobbies & Free Time
runner;Hobbies & Free Time
running;Hobbies & Free Time
Say your phone number.;Hobbies & Free Time
score;Hobbies & Free Time
singer;Hobbies & Free Time
skateboard;Hobbies & Free Time
skiing;Hobbies & Free Time
sky;Hobbies & Free Time
talent show;Hobbies & Free Time
teen;Hobbies & Free Time
That's what friends are for.;Hobbies & Free Time
the same;Hobbies & Free Time
title;Hobbies & Free Time
to be wrong;Hobbies & Free Time
to change;Hobbies & Free Time
to cheer;Hobbies & Free Time
to collect;Hobbies & Free Time
to dance;Hobbies & Free Time
to draw;Hobbies & Free Time
to enjoy;Hobbies & Free Time
to explore;Hobbies & Free Time
to fix;Hobbies & Free Time
to go out;Hobbies & Free Time
to go swimming;Hobbies & Free Time
to grin;Hobbies & Free Time
to hang out (with) (infml);Hobbies & Free Time
to join;Hobbies & Free Time
to listen for;Hobbies & Free Time
to look forward to;Hobbies & Free Time
to paint;Hobbies & Free Time
to plan;Hobbies & Free Time
to play;Hobbies & Free Time
to play a trick (on);Hobbies & Free Time
to practise;Hobbies & Free Time
to read;Hobbies & Free Time
to ride;Hobbies & Free Time
to run;Hobbies & Free Time
to shine;Hobbies & Free Time
to stand up;Hobbies & Free Time
to take photos;Hobbies & Free Time
to watch;Hobbies & Free Time
to watch TV;Hobbies & Free Time
to win;Hobbies & Free Time
too;Hobbies & Free Time
traditional;Hobbies & Free Time
trail;Hobbies & Free Time
Try skating!;Hobbies & Free Time
vacation (AE);Hobbies & Free Time
Volleyball is a great sport.;Hobbies & Free Time
What's that?;Hobbies & Free Time
wish;Hobbies & Free Time
You're into sports.;Hobbies & Free Time
zipline;Hobbies & Free Time
(not) any longer;Language and sayings
age;Language and sayings
both;Language and sayings
by the way;Language and sayings
contact;Language and sayings
dark;Language and sayings
face-to-face;Language and sayings
Find the odd one out!;Language and sayings
French;Language and sayings
hearing aid;Language and sayings
honest;Language and sayings
I gotta (infml);Language and sayings
I mean;Language and sayings
in a polite way;Language and sayings
It took ages.;Language and sayings
I've done this a million times before.;Language and sayings
juggling;Language and sayings
kid;Language and sayings
Latin;Language and sayings
LOL (= laughing out loud);Language and sayings
maracas;Language and sayings
meaning;Language and sayings
moose;Language and sayings
nearly;Language and sayings
no wonder;Language and sayings
object;Language and sayings
off to;Language and sayings
personal;Language and sayings
platform;Language and sayings
promise;Language and sayings
Spanish;Language and sayings
step-by-step;Language and sayings
straight on;Language and sayings
That's fine with me.;Language and sayings
There's nothing more exciting than;Language and sayings
time;Language and sayings
to attack;Language and sayings
to be able to (do sth);Language and sayings
to be allowed to (do sth);Language and sayings
to be called;Language and sayings
to be on;Language and sayings
to bet;Language and sayings
to bite;Language and sayings
to burn down;Language and sayings
to capsize;Language and sayings
to carry;Language and sayings
to cross;Language and sayings
to cut;Language and sayings
to depend (on);Language and sayings
to discover;Language and sayings
to fight;Language and sayings
to fit;Language and sayings
to follow;Language and sayings
to get in the way;Language and sayings
to get out of;Language and sayings
to get to know;Language and sayings
to go black;Language and sayings
to go down;Language and sayings
to go for a walk;Language and sayings
to go over to;Language and sayings
to go sightseeing;Language and sayings
to grab;Language and sayings
to grow;Language and sayings
to grunt;Language and sayings
to have a look (at);Language and sayings
to hold your breath;Language and sayings
to include;Language and sayings
to invade;Language and sayings
to joke;Language and sayings
to keep;Language and sayings
to keep up (with);Language and sayings
to let go (of);Language and sayings
to lie;Language and sayings
to lie down;Language and sayings
to lift;Language and sayings
to link;Language and sayings
to make sb do sth;Language and sayings
to mention;Language and sayings
to offer;Language and sayings
to paddle;Language and sayings
to pick up;Language and sayings
to press;Language and sayings
to pretend;Language and sayings
to promise;Language and sayings
to protect;Language and sayings
to put on;Language and sayings
to reach;Language and sayings
to replay;Language and sayings
to send off;Language and sayings
to show off;Language and sayings
to sign;Language and sayings
to smell;Language and sayings
to splash;Language and sayings
to stay;Language and sayings
to stay in touch (with);Language and sayings
to take;Language and sayings
to take it easy;Language and sayings
to take off;Language and sayings
to take part (in);Language and sayings
to take sth seriously;Language and sayings
to tap;Language and sayings
to tell sb to do sth;Language and sayings
to thank;Language and sayings
to tiptoe;Language and sayings
to touch;Language and sayings
to train;Language and sayings
to try hard;Language and sayings
to try on;Language and sayings
to turn off;Language and sayings
to turn over;Language and sayings
to turn to;Language and sayings
to waste;Language and sayings
to work;Language and sayings
to yawn;Language and sayings
topic;Language and sayings
trampoline;Language and sayings
wet;Language and sayings
What on earth …?;Language and sayings
what to do.;Language and sayings
With a very big head!;Language and sayings
Yours;Language and sayings
11-year-old;Numbers & Colors
a/one hundred;Numbers & Colors
about;Numbers & Colors
alphabet;Numbers & Colors
although;Numbers & Colors
blue;Numbers & Colors
Boat number eight is pink.;Numbers & Colors
brown;Numbers & Colors
circle;Numbers & Colors
colour;Numbers & Colors
colourful;Numbers & Colors
degree Celsius (°C);Numbers & Colors
degree Fahrenheit (°F);Numbers & Colors
eight;Numbers & Colors
eighteen;Numbers & Colors
eighty;Numbers & Colors
eleven;Numbers & Colors
everything;Numbers & Colors
fifteen;Numbers & Colors
first;Numbers & Colors
five;Numbers & Colors
forty;Numbers & Colors
four;Numbers & Colors
fourteen;Numbers & Colors
goal;Numbers & Colors
golden;Numbers & Colors
green;Numbers & Colors
greeting;Numbers & Colors
grey;Numbers & Colors
half, halves (pl) (of);Numbers & Colors
I can see Sherlock.;Numbers & Colors
I love dogs.;Numbers & Colors
largest;Numbers & Colors
less;Numbers & Colors
member;Numbers & Colors
meter (AE);Numbers & Colors
mile;Numbers & Colors
nine;Numbers & Colors
nineteen;Numbers & Colors
ninety;Numbers & Colors
once;Numbers & Colors
one;Numbers & Colors
orange;Numbers & Colors
pair;Numbers & Colors
peak;Numbers & Colors
picture;Numbers & Colors
pink;Numbers & Colors
please;Numbers & Colors
purple;Numbers & Colors
red;Numbers & Colors
seven;Numbers & Colors
seventeen;Numbers & Colors
seventy;Numbers & Colors
single;Numbers & Colors
six;Numbers & Colors
sixteen;Numbers & Colors
sixty;Numbers & Colors
ten;Numbers & Colors
the two of them;Numbers & Colors
thirteen;Numbers & Colors
thirty;Numbers & Colors
thousands of;Numbers & Colors
three;Numbers & Colors
three and a half times;Numbers & Colors
to believe;Numbers & Colors
to crash;Numbers & Colors
to go on;Numbers & Colors
to take a look at;Numbers & Colors
to think of;Numbers & Colors
turn;Numbers & Colors
twelve;Numbers & Colors
twenty;Numbers & Colors
twenty-one;Numbers & Colors
two;Numbers & Colors
two boys and a dog;Numbers & Colors
What colour is Sherlock?;Numbers & Colors
What's your favourite colour?;Numbers & Colors
white;Numbers & Colors
wooden;Numbers & Colors
would;Numbers & Colors
yellow;Numbers & Colors
address;Places & Buildings
airport;Places & Buildings
anywhere;Places & Buildings
area;Places & Buildings
at the seaside;Places & Buildings
bath;Places & Buildings
bathroom;Places & Buildings
bed;Places & Buildings
bedroom;Places & Buildings
bowling alley;Places & Buildings
bridge;Places & Buildings
building;Places & Buildings
cafeteria;Places & Buildings
canoe;Places & Buildings
cave;Places & Buildings
cell phone (AE);Places & Buildings
central;Places & Buildings
chair;Places & Buildings
chimney;Places & Buildings
church;Places & Buildings
cinema;Places & Buildings
city;Places & Buildings
coast;Places & Buildings
coastline;Places & Buildings
cold;Places & Buildings
cooker;Places & Buildings
country, countries (pl);Places & Buildings
countryside;Places & Buildings
cupboard;Places & Buildings
desert;Places & Buildings
dinner;Places & Buildings
door;Places & Buildings
downstairs;Places & Buildings
everywhere;Places & Buildings
family;Places & Buildings
farmland;Places & Buildings
flat;Places & Buildings
floor;Places & Buildings
fort;Places & Buildings
fridge;Places & Buildings
front door;Places & Buildings
garden;Places & Buildings
hall;Places & Buildings
harbour;Places & Buildings
home town;Places & Buildings
hospital;Places & Buildings
house;Places & Buildings
I don't know!;Places & Buildings
in Greenwich Park;Places & Buildings
independent;Places & Buildings
indoors;Places & Buildings
inside;Places & Buildings
interesting;Places & Buildings
It's great for cycling.;Places & Buildings
kitchen;Places & Buildings
knob;Places & Buildings
library;Places & Buildings
lift;Places & Buildings
living room;Places & Buildings
local;Places & Buildings
loft;Places & Buildings
Londoner;Places & Buildings
machine;Places & Buildings
million;Places & Buildings
monument;Places & Buildings
movie theater (AE);Places & Buildings
Native American;Places & Buildings
north;Places & Buildings
nowhere;Places & Buildings
open;Places & Buildings
outside;Places & Buildings
paradise;Places & Buildings
path;Places & Buildings
pipe;Places & Buildings
place;Places & Buildings
recording studio;Places & Buildings
region;Places & Buildings
restaurant;Places & Buildings
rock;Places & Buildings
roof;Places & Buildings
shower;Places & Buildings
site;Places & Buildings
skyscraper;Places & Buildings
somewhere;Places & Buildings
special;Places & Buildings
stage;Places & Buildings
state;Places & Buildings
station;Places & Buildings
statue;Places & Buildings
table;Places & Buildings
that's why;Places & Buildings
theatre;Places & Buildings
theme park;Places & Buildings
to build;Places & Buildings
to feel;Places & Buildings
to grow up;Places & Buildings
to live;Places & Buildings
to move (house);Places & Buildings
to organise;Places & Buildings
to start;Places & Buildings
to uncover;Places & Buildings
toilet;Places & Buildings
town;Places & Buildings
travel;Places & Buildings
upstairs;Places & Buildings
village;Places & Buildings
wall;Places & Buildings
wardrobe;Places & Buildings
washing machine;Places & Buildings
yard (AE);Places & Buildings
zoo;Places & Buildings
cross;Religion & Beliefs
answer;School & Lessons
Art;School & Lessons
because;School & Lessons
biology;School & Lessons
board;School & Lessons
class;School & Lessons
classmate;School & Lessons
classroom;School & Lessons
cooking;School & Lessons
desk;School & Lessons
discussion;School & Lessons
English;School & Lessons
exercise book;School & Lessons
fantastic;School & Lessons
finally;School & Lessons
first language;School & Lessons
flashlight (AE);School & Lessons
form;School & Lessons
freedom (no pl);School & Lessons
Geography;School & Lessons
German;School & Lessons
German students are lucky.;School & Lessons
grammar school;School & Lessons
Greenwich Park is big.;School & Lessons
group;School & Lessons
high school;School & Lessons
homework;School & Lessons
language;School & Lessons
lesson;School & Lessons
letter;School & Lessons
locker;School & Lessons
lunch break;School & Lessons
Maths (infml);School & Lessons
Music;School & Lessons
not any more;School & Lessons
office;School & Lessons
opinion;School & Lessons
paper;School & Lessons
PE (Physical Education);School & Lessons
pen;School & Lessons
pencil;School & Lessons
pencil-case;School & Lessons
planner;School & Lessons
poem;School & Lessons
presentation;School & Lessons
president;School & Lessons
project;School & Lessons
question;School & Lessons
Rap like me.;School & Lessons
report;School & Lessons
result;School & Lessons
rubber;School & Lessons
rule;School & Lessons
ruler;School & Lessons
schoolbag;School & Lessons
schooling;School & Lessons
Science;School & Lessons
speaker;School & Lessons
specialty (AE);School & Lessons
spelling;School & Lessons
story, stories (pl);School & Lessons
student;School & Lessons
subject;School & Lessons
teacher;School & Lessons
technology;School & Lessons
the French (pl);School & Lessons
the USA (United States of America);School & Lessons
theme;School & Lessons
to be in the way;School & Lessons
to learn;School & Lessons
to listen (to);School & Lessons
to teach;School & Lessons
trash (AE);School & Lessons
treasure;School & Lessons
tutor;School & Lessons
tutor group;School & Lessons
uniform;School & Lessons
vet;School & Lessons
What is … about?;School & Lessons
what to …;School & Lessons
writer;School & Lessons
yearbook;School & Lessons
a little;Shopping & Money
any;Shopping & Money
as … as;Shopping & Money
bag;Shopping & Money
bracelet;Shopping & Money
buyer;Shopping & Money
card;Shopping & Money
cash;Shopping & Money
cent;Shopping & Money
charity shop;Shopping & Money
cheap;Shopping & Money
clothes (pl);Shopping & Money
community centre;Shopping & Money
cotton;Shopping & Money
credit card;Shopping & Money
dollar bill;Shopping & Money
dress;Shopping & Money
euro;Shopping & Money
expensive;Shopping & Money
fitting room;Shopping & Money
flea market;Shopping & Money
full (of);Shopping & Money
glass;Shopping & Money
glove;Shopping & Money
hike;Shopping & Money
I'm looking for …;Shopping & Money
It's …/They're …;Shopping & Money
jeans (pl only);Shopping & Money
jewellery;Shopping & Money
mall;Shopping & Money
material;Shopping & Money
money;Shopping & Money
oil;Shopping & Money
penny, pence (pl);Shopping & Money
pocket money;Shopping & Money
pound (£);Shopping & Money
price;Shopping & Money
pullover;Shopping & Money
ready meal;Shopping & Money
seller;Shopping & Money
shirt;Shopping & Money
shoe;Shopping & Money
shop;Shopping & Money
size;Shopping & Money
skirt;Shopping & Money
soccer (AE);Shopping & Money
special offer;Shopping & Money
survey;Shopping & Money
tin;Shopping & Money
to be interested (in);Shopping & Money
to borrow;Shopping & Money
to buy;Shopping & Money
to clear out;Shopping & Money
to cost;Shopping & Money
to fall asleep;Shopping & Money
to pay (for);Shopping & Money
to raise money;Shopping & Money
to sell;Shopping & Money
to spend;Shopping & Money
to supply;Shopping & Money
to trade;Shopping & Money
train;Shopping & Money
trousers (pl);Shopping & Money
assistant;Technology and Job
camera;Technology and Job
comment;Technology and Job
cyber bully;Technology and Job
display;Technology and Job
electrician;Technology and Job
electricity;Technology and Job
electrics;Technology and Job
equipment;Technology and Job
headphones (pl);Technology and Job
industrial;Technology and Job
industry;Technology and Job
mining;Technology and Job
mobile;Technology and Job
PC (= personal computer);Technology and Job
plumber;Technology and Job
plumbing;Technology and Job
power;Technology and Job
power cut;Technology and Job
print;Technology and Job
profile;Technology and Job
prop;Technology and Job
search;Technology and Job
social network;Technology and Job
to (e-)mail;Technology and Job
to block;Technology and Job
to boom;Technology and Job
to comment (on);Technology and Job
to download;Technology and Job
to hang on;Technology and Job
to look up;Technology and Job
to post;Technology and Job
to pray;Technology and Job
to text;Technology and Job
tool;Technology and Job
torch;Technology and Job
a few minutes later;Times of Day & Calendar
a.m.;Times of Day & Calendar
after;Times of Day & Calendar
ago;Times of Day & Calendar
all night;Times of Day & Calendar
April;Times of Day & Calendar
as soon as;Times of Day & Calendar
August;Times of Day & Calendar
autumn;Times of Day & Calendar
before;Times of Day & Calendar
beginning;Times of Day & Calendar
candlelight (no pl);Times of Day & Calendar
charity;Times of Day & Calendar
day;Times of Day & Calendar
December;Times of Day & Calendar
evening;Times of Day & Calendar
every;Times of Day & Calendar
exciting;Times of Day & Calendar
fine;Times of Day & Calendar
five-hour;Times of Day & Calendar
forever;Times of Day & Calendar
Friday;Times of Day & Calendar
holidays (pl);Times of Day & Calendar
hour;Times of Day & Calendar
July;Times of Day & Calendar
June;Times of Day & Calendar
long ago;Times of Day & Calendar
May;Times of Day & Calendar
midnight;Times of Day & Calendar
month;Times of Day & Calendar
netball;Times of Day & Calendar
next;Times of Day & Calendar
November;Times of Day & Calendar
now;Times of Day & Calendar
October;Times of Day & Calendar
overnight;Times of Day & Calendar
p.m.;Times of Day & Calendar
past;Times of Day & Calendar
right now;Times of Day & Calendar
Saturday;Times of Day & Calendar
September;Times of Day & Calendar
several;Times of Day & Calendar
She gets on my nerves.;Times of Day & Calendar
shovel;Times of Day & Calendar
sometimes;Times of Day & Calendar
spring;Times of Day & Calendar
stepmum;Times of Day & Calendar
summer;Times of Day & Calendar
Sunday;Times of Day & Calendar
surprise;Times of Day & Calendar
then;Times of Day & Calendar
Thursday;Times of Day & Calendar
time;Times of Day & Calendar
to act;Times of Day & Calendar
to bark;Times of Day & Calendar
to look for;Times of Day & Calendar
to smash;Times of Day & Calendar
to stay up;Times of Day & Calendar
to tidy (a room);Times of Day & Calendar
to tie (to);Times of Day & Calendar
to turn on;Times of Day & Calendar
today;Times of Day & Calendar
Wednesday;Times of Day & Calendar
week;Times of Day & Calendar
whenever;Times of Day & Calendar
winter;Times of Day & Calendar
wonderful;Times of Day & Calendar
yesterday;Times of Day & Calendar
attraction;Travel & Transport
bicycle;Travel & Transport
bike;Travel & Transport
bus;Travel & Transport
car;Travel & Transport
coach;Travel & Transport
delayed;Travel & Transport
drive;Travel & Transport
each;Travel & Transport
east;Travel & Transport
express;Travel & Transport
flag;Travel & Transport
flight;Travel & Transport
gate;Travel & Transport
helicopter;Travel & Transport
important;Travel & Transport
journey;Travel & Transport
leg;Travel & Transport
luggage (no pl);Travel & Transport
metal;Travel & Transport
pass;Travel & Transport
passenger;Travel & Transport
person, people (pl);Travel & Transport
plane;Travel & Transport
plant;Travel & Transport
postcard;Travel & Transport
return;Travel & Transport
road;Travel & Transport
sailboat;Travel & Transport
separate;Travel & Transport
sight;Travel & Transport
spaceship;Travel & Transport
stay;Travel & Transport
take-off;Travel & Transport
tent;Travel & Transport
the Tube;Travel & Transport
ticket;Travel & Transport
to arrive;Travel & Transport
to board;Travel & Transport
to book;Travel & Transport
to come in;Travel & Transport
to cook;Travel & Transport
to depart;Travel & Transport
to go by …;Travel & Transport
to hold;Travel & Transport
to immigrate;Travel & Transport
to look out for;Travel & Transport
to sit down;Travel & Transport
to spend;Travel & Transport
to stay;Travel & Transport
to talk to;Travel & Transport
to turn;Travel & Transport
tourism;Travel & Transport
tourist board;Travel & Transport
track;Travel & Transport
transport;Travel & Transport
travel agent's;Travel & Transport
us;Travel & Transport
vacation (AE);Travel & Transport
visit;Travel & Transport
visitor;Travel & Transport
wilderness;Travel & Transport
yes;Travel & Transport
youth hostel;Travel & Transport
a lot of;Weather & Environment
air;Weather & Environment
canyon;Weather & Environment
cloud;Weather & Environment
coastal path;Weather & Environment
current;Weather & Environment
deep;Weather & Environment
difficult;Weather & Environment
disaster;Weather & Environment
dry;Weather & Environment
earth;Weather & Environment
environment;Weather & Environment
explorer;Weather & Environment
fire;Weather & Environment
forest;Weather & Environment
ground;Weather & Environment
high;Weather & Environment
humid;Weather & Environment
hurricane;Weather & Environment
kilometer (km) (AE);Weather & Environment
lake;Weather & Environment
landscape;Weather & Environment
lightning (no pl);Weather & Environment
map;Weather & Environment
mud;Weather & Environment
north;Weather & Environment
ocean;Weather & Environment
planet;Weather & Environment
rain;Weather & Environment
rainy;Weather & Environment
river;Weather & Environment
sea;Weather & Environment
shape;Weather & Environment
sheep, sheep (pl);Weather & Environment
snow;Weather & Environment
stone;Weather & Environment
stormy;Weather & Environment
sun;Weather & Environment
sunny;Weather & Environment
sunshine;Weather & Environment
temperature;Weather & Environment
thunder (no pl);Weather & Environment
to hike;Weather & Environment
to keep your fingers crossed;Weather & Environment
to rain;Weather & Environment
to reef the sails;Weather & Environment
usual;Weather & Environment
warm;Weather & Environment
weather forecast;Weather & Environment
wheel;Weather & Environment
